sample_id	sig_Mammaprint
MB-0362	0.050601
MB-0346	0.072001
MB-0386	-0.011249
MB-0574	0.042439
MB-0185	0.255664
MB-0503	-0.047697
MB-0641	-0.089094
MB-0201	0.134400
MB-0218	-0.108749
MB-0316	-0.131965
MB-0189	0.033092
MB-0891	0.049051
MB-0658	-0.043004
MB-0899	0.048581
MB-0605	-0.049543
MB-0258	0.028738
MB-0506	-0.061847
MB-0420	0.070959
MB-0223	-0.101180
MB-0445	0.062307
MB-0199	-0.068353
MB-0517	0.045166
MB-0155	-0.103330
MB-0428	0.033486
MB-0117	-0.122397
MB-0906	-0.094502
MB-0249	-0.056741
MB-0660	0.090222
MB-0497	-0.020733
MB-0434	0.138635
MB-0143	0.041770
MB-0513	-0.068959
MB-0541	-0.023132
MB-0653	0.150127
MB-0455	0.001598
MB-0540	-0.278461
MB-0384	-0.000328
MB-0637	0.056621
MB-0157	-0.025717
MB-0443	-0.000345
MB-0584	0.127071
MB-0292	0.146418
MB-0322	-0.113162
MB-0501	-0.148768
MB-0401	-0.020931
MB-0140	-0.123964
MB-0606	-0.114812
MB-0666	0.036770
MB-0598	0.117863
MB-0453	-0.042719
MB-0138	0.007508
MB-0579	0.114495
MB-0405	-0.067786
MB-0471	-0.085706
MB-0347	0.080628
MB-0619	-0.023539
MB-0171	-0.120631
MB-0310	0.008971
MB-0621	-0.055093
MB-0614	0.069759
MB-0372	-0.008534
MB-0374	0.060484
MB-0382	-0.018508
MB-0327	-0.053336
MB-0066	-0.033577
MB-0144	0.010766
MB-0596	0.016927
MB-0164	0.046018
MB-0215	0.063098
MB-0146	-0.051570
MB-0229	0.003653
MB-0505	-0.031972
MB-0102	0.152389
MB-0569	0.044167
MB-0516	0.021951
MB-0272	0.031827
MB-0585	-0.019177
MB-0494	0.071339
MB-0306	0.087724
MB-0463	0.062865
MB-0198	0.239625
MB-0203	0.006725
MB-0607	0.009470
MB-0631	-0.050280
MB-0363	0.082141
MB-0427	-0.059866
MB-0519	-0.070309
MB-0371	0.044111
MB-0380	-0.028195
MB-0221	0.140520
MB-0348	-0.067311
MB-0261	-0.001925
MB-0576	0.131967
MB-0385	0.016938
MB-0659	-0.076358
MB-0270	0.101003
MB-0379	-0.001799
MB-0432	-0.200380
MB-0527	-0.225902
MB-0624	-0.179316
MB-0273	0.001098
MB-0050	-0.019877
MB-0460	-0.169104
MB-0654	0.018298
MB-0454	-0.080673
MB-0392	0.114928
MB-0336	0.020403
MB-0467	0.248717
MB-0349	-0.121634
MB-0378	0.104971
MB-0176	0.084309
MB-0429	0.063427
MB-0397	-0.006944
MB-0571	0.111418
MB-0426	0.028707
MB-0135	-0.021366
MB-0112	-0.089974
MB-0352	-0.076239
MB-0644	0.063204
MB-0601	0.015856
MB-0568	-0.022461
MB-0328	0.146761
MB-0325	0.188969
MB-0358	0.146464
MB-0413	0.128744
MB-0158	0.013623
MB-0636	0.173098
MB-0145	0.003105
MB-0195	-0.010999
MB-0422	0.017123
MB-0483	-0.040579
MB-0317	-0.173063
MB-0486	-0.017393
MB-0139	-0.064955
MB-0257	0.103763
MB-0345	-0.003123
MB-0375	0.055999
MB-0419	0.062334
MB-0480	0.002829
MB-0311	0.131336
MB-0324	0.079895
MB-0368	0.074617
MB-0389	-0.028225
MB-0248	-0.031859
MB-0035	-0.007599
MB-0667	0.206262
MB-0423	0.040952
MB-0904	0.013652
MB-0119	0.059143
MB-0650	-0.056376
MB-0204	-0.045464
MB-0184	-0.099579
MB-0600	0.103778
MB-0400	0.030645
MB-0511	0.109177
MB-0059	0.028304
MB-0500	0.072439
MB-0150	-0.000676
MB-0895	-0.070983
MB-0366	-0.047102
MB-0173	-0.067712
MB-0131	0.137557
MB-0206	-0.019740
MB-0315	0.017280
MB-0361	0.080456
MB-0545	-0.014772
MB-0370	-0.039165
MB-0642	-0.017764
MB-0431	0.039235
MB-0181	0.068739
MB-0603	0.013004
MB-0295	0.035279
MB-0618	-0.025843
MB-0496	-0.071332
MB-0411	0.064894
MB-0285	-0.086906
MB-0360	0.099832
MB-0359	-0.082483
MB-0344	-0.103979
MB-0583	-0.086364
MB-0202	0.019214
MB-0485	0.026103
MB-0609	0.025060
MB-0538	-0.018250
MB-0197	0.052830
MB-0410	0.026061
MB-0528	-0.015515
MB-0165	-0.065656
MB-0152	-0.026498
MB-0546	-0.013966
MB-0148	0.092720
MB-0594	-0.183897
MB-0521	-0.000141
MB-0532	0.238273
MB-0536	0.045199
MB-0319	0.109406
MB-0491	0.108777
MB-0404	-0.005216
MB-0243	-0.080401
MB-0580	0.063973
MB-0312	-0.026877
MB-0060	0.134446
MB-0635	-0.202757
MB-0649	0.001953
MB-0643	0.009769
MB-0581	-0.084181
MB-0383	-0.013693
MB-0142	-0.236575
MB-0320	-0.060841
MB-0207	0.029881
MB-0167	0.135084
MB-0591	0.067220
MB-0613	-0.096392
MB-0313	0.096992
MB-0599	-0.108066
MB-0286	-0.029697
MB-0575	-0.001732
MB-0549	-0.079114
MB-0214	-0.006857
MB-0589	-0.017474
MB-0406	0.073799
MB-0452	0.127749
MB-0524	-0.075815
MB-0880	-0.155654
MB-0573	-0.069308
MB-0664	-0.059712
MB-0446	-0.041806
MB-0008	0.090848
MB-0656	0.052154
MB-0154	-0.136957
MB-0597	-0.001714
MB-0550	0.003759
MB-0616	-0.033934
MB-0448	-0.165863
MB-0412	0.106707
MB-0122	-0.009612
MB-0425	-0.032857
MB-0314	0.038700
MB-0356	0.024101
MB-0440	-0.022220
MB-0398	0.051441
MB-0438	0.007078
MB-0449	-0.030711
MB-0162	-0.039866
MB-0593	0.083398
MB-0301	0.019597
MB-0628	-0.039306
MB-0283	0.053270
MB-0106	0.002477
MB-0341	0.103531
MB-0474	-0.066795
MB-0394	-0.058441
MB-0373	-0.086017
MB-0247	0.069412
MB-0225	-0.208815
MB-0424	-0.249482
MB-0209	-0.099402
MB-0115	0.054362
MB-0136	0.037982
MB-0542	-0.107206
MB-0354	-0.057928
MB-0151	-0.031225
MB-0590	0.094646
MB-0608	-0.159557
MB-0657	-0.003299
MB-0559	-0.017138
MB-0893	-0.185344
MB-0514	0.075630
MB-0395	-0.150725
MB-0294	-0.168408
MB-0439	0.004189
MB-0481	-0.070721
MB-0529	-0.019996
MB-0224	0.103668
MB-0302	0.021831
MB-0126	-0.002118
MB-0220	-0.152240
MB-0192	0.019625
MB-0121	-0.103635
MB-0239	-0.029438
MB-0364	-0.142702
MB-0232	-0.003123
MB-0884	0.149565
MB-0238	0.010510
MB-0194	-0.053438
MB-0882	0.061597
MB-0010	0.000180
MB-0236	-0.006890
MB-0377	0.024838
MB-0123	0.112917
MB-0504	0.046958
MB-0564	-0.018685
MB-0475	-0.005840
MB-0321	0.084550
MB-0482	0.016727
MB-0101	-0.155375
MB-0662	0.073561
MB-0291	0.136214
MB-0465	0.120348
MB-0630	-0.076189
MB-0036	-0.052005
MB-0166	-0.047734
MB-0180	0.025775
MB-0525	0.005825
MB-0307	-0.223721
MB-0002	0.072047
MB-0408	0.079479
MB-0466	0.049266
MB-0632	-0.019991
MB-0120	0.106493
MB-0507	-0.072794
MB-0287	-0.046635
MB-0869	-0.036486
MB-4633	-0.042680
MB-4627	-0.002286
MB-4004	-0.061043
MB-4708	-0.051337
MB-4618	-0.018618
MB-4641	0.003866
MB-4622	-0.102274
MB-4634	0.111368
MB-4688	0.134795
MB-4665	-0.048011
MB-4666	-0.024771
MB-4640	-0.004560
MB-4691	0.020802
MB-4671	-0.045270
MB-4667	-0.027597
MB-4721	0.003632
MB-4723	-0.079773
MB-4718	0.002306
MB-4716	-0.038162
MB-4729	0.229772
MB-4717	0.045501
MB-4724	0.111748
MB-4770	0.102616
MB-4752	-0.149797
MB-4762	0.085349
MB-5169	0.091204
MB-4796	0.059730
MB-4790	-0.035307
MB-4797	0.176798
MB-4800	0.082387
MB-5541	0.014701
MB-5549	0.087033
MB-5519	0.073701
MB-5495	0.141970
MB-4832	0.047779
MB-4745	-0.027607
MB-4825	-0.082181
MB-4814	0.049743
MB-4757	0.074956
MB-4694	0.189428
MB-4698	0.040996
MB-4715	-0.115955
MB-4685	-0.054198
MB-4712	0.060445
MB-4672	0.065175
MB-4704	0.000445
MB-4655	0.109490
MB-4651	0.234565
MB-4661	0.026901
MB-4649	0.042250
MB-4642	0.077792
MB-4674	-0.237127
MB-4648	-0.058631
MB-5197	0.027414
MB-5152	-0.033639
MB-5201	-0.039193
MB-5189	-0.118211
MB-5281	-0.088915
MB-5212	0.067427
MB-5172	-0.048035
MB-5183	-0.144871
MB-5185	0.068568
MB-5022	0.080227
MB-5014	-0.070782
MB-4994	0.059245
MB-5017	-0.006383
MB-4982	0.054272
MB-5004	-0.026948
MB-4986	0.021738
MB-5327	-0.012551
MB-5341	-0.037683
MB-5323	-0.095886
MB-5328	-0.063813
MB-5318	0.027381
MB-5287	-0.027077
MB-5324	-0.036554
MB-4682	-0.066979
MB-4710	-0.027294
MB-4701	0.027845
MB-4709	0.094711
MB-4686	0.018388
MB-4706	0.007762
MB-4719	-0.041303
MB-4702	0.114440
MB-4908	-0.001897
MB-4871	0.117870
MB-4906	-0.062841
MB-4911	0.048510
MB-4866	-0.078315
MB-4858	0.011982
MB-4862	0.192542
MB-4872	-0.069377
MB-4887	0.074246
MB-4867	-0.025300
MB-4888	-0.019799
MB-4929	0.074183
MB-4945	0.054660
MB-4930	0.202559
MB-4894	0.221723
MB-4898	-0.164828
MB-4670	-0.038457
MB-5013	-0.120320
MB-4977	-0.070711
MB-4967	0.032123
MB-4981	-0.104332
MB-4003	0.124882
MB-4968	0.004740
MB-5052	0.043759
MB-5049	0.019383
MB-5041	0.039129
MB-5044	-0.063103
MB-5072	-0.022960
MB-4171	-0.023881
MB-5053	-0.052486
MB-5045	-0.000956
MB-5116	0.050517
MB-5120	0.033488
MB-5074	0.100804
MB-5119	0.031795
MB-5114	0.043093
MB-4230	0.006013
MB-4154	-0.150850
MB-5115	0.118778
MB-4737	0.070180
MB-4764	0.058661
MB-4735	-0.075626
MB-4730	-0.055338
MB-4733	-0.034748
MB-4758	-0.024342
MB-5033	-0.128108
MB-4741	0.033125
MB-4732	0.000892
MB-5305	0.113674
MB-5256	0.013451
MB-5273	0.065231
MB-5236	0.020496
MB-5238	-0.010330
MB-5233	0.016212
MB-5244	0.053192
MB-5253	0.048980
MB-5260	-0.084054
MB-4998	-0.004987
MB-4993	0.074234
MB-5001	-0.056964
MB-5084	-0.048252
MB-4969	-0.039016
MB-4999	-0.060228
MB-5011	-0.057351
MB-4959	-0.073234
MB-4599	-0.008187
MB-4616	0.007392
MB-4623	0.073362
MB-4644	-0.045671
MB-4869	-0.056040
MB-4878	0.017207
MB-4851	-0.000708
MB-4233	-0.012820
MB-4937	0.168836
MB-4934	-0.068712
MB-4899	0.066903
MB-4912	-0.068374
MB-4935	-0.034951
MB-4933	-0.118586
MB-4900	-0.040434
MB-4941	-0.000490
MB-5221	0.030482
MB-5139	-0.057906
MB-5222	-0.071867
MB-5097	0.027185
MB-5338	0.204484
MB-5315	-0.065254
MB-5195	0.104951
MB-5226	0.051065
MB-5232	-0.123843
MB-5160	-0.136676
MB-5126	0.018140
MB-5124	0.036279
MB-4855	0.047054
MB-5279	0.071026
MB-4173	-0.238138
MB-5145	-0.094863
MB-4944	-0.011204
MB-4961	0.140757
MB-5121	0.162064
MB-4956	0.078539
MB-4886	0.135680
MB-4950	-0.059573
MB-4965	0.104927
MB-4962	-0.128930
MB-4952	0.089985
MB-5267	0.014135
MB-5266	-0.048626
MB-5396	0.153047
MB-4938	-0.093717
MB-5351	-0.063915
MB-5347	0.068814
MB-5312	0.039026
MB-5311	-0.128509
MB-5284	0.019468
MB-4148	0.131821
MB-5078	0.147942
MB-5088	-0.028139
MB-5064	0.029042
MB-5107	-0.066161
MB-5066	-0.065721
MB-5068	-0.300380
MB-5061	-0.140985
MB-5070	-0.136207
MB-5059	0.086118
MB-4266	0.124204
MB-4276	0.096306
MB-4771	-0.040530
MB-4739	-0.022686
MB-5331	-0.030975
MB-4743	-0.081600
MB-4785	0.067909
MB-4778	-0.094484
MB-4763	0.039496
MB-4779	-0.112718
MB-4849	0.048495
MB-4787	0.030898
MB-4767	-0.066858
MB-4784	-0.014888
MB-5043	0.024576
MB-4992	0.014780
MB-5020	0.083095
MB-5019	0.135171
MB-5015	0.088277
MB-5048	-0.096188
MB-5035	0.079973
MB-5398	-0.041603
MB-5377	0.090050
MB-5291	-0.004711
MB-5403	-0.184599
MB-5224	0.063331
MB-5369	-0.024613
MB-5404	0.053599
MB-5397	-0.121473
MB-5378	0.198001
MB-5388	0.010925
MB-5395	0.130983
MB-5365	-0.051609
MB-5389	-0.144845
MB-5385	-0.026007
MB-5393	-0.135296
MB-5289	-0.056517
MB-5361	0.139030
MB-5392	0.013752
MB-5147	-0.001721
MB-4140	0.009797
MB-5138	0.027402
MB-5123	-0.026226
MB-5065	-0.116795
MB-4127	-0.002543
MB-5058	-0.029200
MB-5050	-0.074674
MB-5027	0.006769
MB-5060	0.012715
MB-5062	0.000526
MB-5383	0.034318
MB-5101	0.136187
MB-5258	0.022176
MB-5268	-0.040549
MB-5261	0.001066
MB-5272	0.009521
MB-5264	-0.008776
MB-5259	0.060915
MB-5306	-0.021542
MB-5270	0.031676
MB-5411	0.241180
MB-5490	0.032923
MB-5421	-0.006534
MB-5348	0.023830
MB-5429	-0.037238
MB-5405	0.015193
MB-5414	0.109485
MB-5489	0.034726
MB-5417	-0.023152
MB-5481	-0.000475
MB-5409	0.039535
MB-5413	-0.007172
MB-5299	0.001749
MB-5408	-0.142442
MB-5475	-0.012252
MB-5505	-0.123175
MB-5100	0.007324
MB-5325	-0.009607
MB-5502	0.136918
MB-5485	0.062852
MB-4293	-0.040265
MB-4289	0.053208
MB-5293	-0.001588
MB-5381	0.149090
MB-4834	-0.015032
MB-5498	0.143179
MB-4749	0.092524
MB-4818	-0.153289
MB-4805	-0.061785
MB-4809	0.134885
MB-5418	0.115841
MB-5441	-0.092982
MB-5424	0.085055
MB-5296	0.040343
MB-5446	-0.046620
MB-5137	0.054735
MB-5219	-0.042535
MB-5093	-0.024601
MB-5350	0.061249
MB-5230	0.034252
MB-5206	0.042636
MB-4687	-0.014982
MB-5433	-0.022118
MB-5442	0.096569
MB-5427	0.018715
MB-5491	0.123446
MB-5493	0.185003
MB-5451	0.102779
MB-5454	0.086422
MB-5360	0.022039
MB-5229	-0.010260
MB-4827	-0.014824
MB-5455	0.049934
MB-5349	0.056136
MB-5370	0.056989
MB-5290	0.029067
MB-5366	0.160853
MB-5382	-0.112667
MB-5402	-0.003664
MB-5288	0.004996
MB-5384	0.009498
MB-5358	0.069120
MB-4357	-0.112494
MB-4991	0.105736
MB-5401	0.034072
MB-5387	-0.026694
MB-5390	0.034234
MB-5412	0.130842
MB-5193	0.091946
MB-5182	0.005064
MB-5157	0.151311
MB-5205	0.190560
MB-5161	-0.111187
MB-5292	0.150248
MB-5211	-0.045243
MB-5218	-0.014650
MB-5209	-0.271721
MB-5227	-0.047202
MB-5213	-0.027576
MB-5166	0.060813
MB-5163	0.032075
MB-5188	0.195993
MB-5143	-0.068868
MB-5329	0.042959
MB-5322	0.102100
MB-5310	-0.116936
MB-4000	-0.142702
MB-5240	-0.047227
MB-5228	-0.049633
MB-5136	0.040103
MB-5140	-0.045795
MB-5106	0.122149
MB-5117	0.083373
MB-5104	-0.024394
MB-5131	0.032959
MB-5109	-0.039084
MB-5176	-0.072179
MB-5158	0.001310
MB-5076	-0.023920
MB-5215	-0.006681
MB-5223	-0.147969
MB-5179	-0.000130
MB-5330	0.039956
MB-5144	0.136468
MB-5196	-0.035066
MB-5200	0.065013
MB-5583	-0.041903
MB-5601	-0.037559
MB-5632	0.046866
MB-5616	-0.047622
MB-5604	-0.069762
MB-5589	0.041586
MB-5582	-0.004392
MB-5625	0.073474
MB-5571	-0.020344
MB-5596	-0.136407
MB-5590	0.004461
MB-5599	-0.000917
MB-5629	0.147449
MB-5579	0.000703
MB-5623	0.131465
MB-5654	0.105566
MB-5617	-0.023673
MB-5638	-0.126734
MB-5635	-0.148746
MB-5642	-0.008826
MB-5647	0.147174
MB-4018	-0.124702
MB-5584	0.152142
MB-5626	0.132916
MB-5602	-0.004252
MB-5653	0.106188
MB-5576	-0.080765
MB-5575	0.150808
MB-5646	0.034847
MB-5634	-0.053062
MB-5591	0.002881
MB-5567	0.024852
MB-5651	-0.035282
MB-5603	-0.020760
MB-5622	0.010379
MB-5597	-0.076189
MB-5613	0.078188
MB-5580	-0.195580
MB-5645	-0.140728
MB-5548	-0.021892
MB-5526	0.016029
MB-5531	-0.141204
MB-5468	0.029238
MB-5474	-0.023098
MB-5514	-0.134670
MB-5302	0.116992
MB-5510	0.004170
MB-5473	0.048301
MB-5484	0.035218
MB-5432	0.001077
MB-5525	0.005392
MB-5562	0.000474
MB-5497	-0.027668
MB-5551	0.107628
MB-5300	0.020441
MB-5560	0.039920
MB-5550	0.002992
MB-5520	0.045919
MB-5529	-0.012598
MB-5554	-0.004221
MB-5301	0.114906
MB-4421	-0.143287
MB-4408	-0.071625
MB-4146	-0.150871
MB-5534	0.047031
MB-5521	-0.046144
MB-5482	0.034063
MB-5483	0.081046
MB-5532	-0.039234
MB-5556	0.012120
MB-5518	0.186895
MB-5486	-0.006922
MB-5511	0.061821
MB-5422	0.111694
MB-5535	0.036715
MB-5477	0.054266
MB-5472	-0.097399
MB-5540	0.126727
MB-5184	-0.021203
MB-5294	0.043784
MB-5565	0.031826
MB-5040	0.162068
MB-4801	-0.051641
MB-5499	-0.037274
MB-5459	-0.036777
MB-5243	0.020486
MB-4120	-0.122745
MB-4966	0.054976
MB-5457	0.019521
MB-4011	0.082089
MB-5478	-0.161757
MB-4822	-0.014152
MB-4017	-0.005361
MB-5018	-0.019884
MB-4791	0.006830
MB-5118	0.098596
MB-4806	0.077665
MB-4970	0.056448
MB-2964	0.051408
MB-2963	-0.011645
MB-2957	-0.036480
MB-2954	-0.051275
MB-2916	0.018312
MB-2725	-0.100841
MB-2711	-0.014640
MB-2730	-0.005325
MB-2669	0.033828
MB-2705	0.049043
MB-2728	0.100213
MB-2708	-0.031902
MB-2735	0.163162
MB-3035	-0.061897
MB-3064	0.138890
MB-3060	0.130804
MB-3049	-0.017745
MB-3037	0.065296
MB-3063	0.005128
MB-3083	0.074769
MB-3046	-0.050514
MB-3067	-0.092185
MB-3351	0.096175
MB-3367	-0.080808
MB-3361	0.097794
MB-3412	-0.069073
MB-3371	0.139042
MB-3429	-0.088829
MB-3360	0.033403
MB-3403	-0.003343
MB-3350	-0.040309
MB-3355	0.072351
MB-3329	0.122775
MB-3467	0.136488
MB-3341	0.024836
MB-3298	-0.030719
MB-3357	0.215008
MB-3388	0.033643
MB-3365	-0.148705
MB-2749	-0.008379
MB-2754	-0.008004
MB-2752	-0.074735
MB-2745	0.075619
MB-2747	-0.059893
MB-2760	-0.021539
MB-2742	0.067496
MB-2750	0.081922
MB-2753	0.094633
MB-2966	0.120746
MB-2953	0.041941
MB-2969	0.058723
MB-3014	-0.013590
MB-2947	-0.138967
MB-2951	-0.015129
MB-2960	0.025485
MB-2970	-0.001524
MB-2971	0.005464
MB-2933	-0.016323
MB-3479	-0.106067
MB-3490	-0.001335
MB-3487	-0.040101
MB-3459	-0.090120
MB-3476	-0.112167
MB-3492	0.045932
MB-3452	0.053489
MB-3303	-0.021722
MB-3328	0.034478
MB-3300	-0.021339
MB-3277	0.012717
MB-3254	-0.015338
MB-3275	0.024133
MB-3272	0.037149
MB-3271	-0.093147
MB-3292	-0.114529
MB-3840	-0.019284
MB-2536	0.074912
MB-2564	-0.096581
MB-2513	0.064982
MB-2617	-0.005749
MB-2614	-0.028382
MB-2632	-0.014782
MB-2556	-0.159128
MB-2624	0.093758
MB-2867	-0.024955
MB-2922	0.055311
MB-2917	-0.041204
MB-2858	-0.053789
MB-2854	-0.041317
MB-2853	-0.162681
MB-3235	0.073434
MB-3165	0.219620
MB-3171	-0.116598
MB-3167	-0.051205
MB-3222	-0.023259
MB-3706	-0.091983
MB-3497	0.002781
MB-3488	0.082066
MB-3711	0.077077
MB-3548	0.066728
MB-3506	-0.044123
MB-3525	0.004000
MB-3606	0.049440
MB-3453	-0.059222
MB-3545	-0.013410
MB-3470	0.113653
MB-2765	-0.051684
MB-2763	0.042882
MB-2767	0.030611
MB-2790	0.045610
MB-2769	-0.021005
MB-2842	-0.125048
MB-2772	0.139750
MB-2779	-0.036109
MB-2774	0.056240
MB-2983	0.139434
MB-3005	0.010984
MB-2977	-0.043109
MB-2996	-0.047818
MB-2999	-0.114733
MB-2994	0.066477
MB-3025	-0.101587
MB-2984	-0.041171
MB-3002	0.134954
MB-2845	-0.082158
MB-2912	0.061210
MB-2844	0.052226
MB-2847	0.071481
MB-2849	-0.045794
MB-2851	0.020898
MB-2848	-0.022797
MB-2863	-0.080964
MB-2840	-0.030874
MB-2843	0.133105
MB-3013	0.004634
MB-3058	-0.022963
MB-3016	-0.041646
MB-3057	-0.122523
MB-3008	-0.134490
MB-3021	0.117546
MB-3032	0.137524
MB-3007	0.049940
MB-3033	-0.053839
MB-3026	-0.043931
MB-3006	0.041551
MB-3439	0.005328
MB-3437	-0.007769
MB-3395	-0.036541
MB-3386	-0.037714
MB-3382	0.008277
MB-3379	0.073047
MB-3430	0.151035
MB-3389	-0.088695
MB-3378	0.026274
MB-3110	-0.067117
MB-3079	0.092117
MB-3103	0.020486
MB-3102	-0.083963
MB-3085	-0.011578
MB-3122	0.146854
MB-3104	-0.003170
MB-3123	0.058218
MB-3121	-0.064800
MB-2835	-0.014061
MB-2838	0.138464
MB-2801	0.121996
MB-2834	0.000642
MB-2796	0.068312
MB-2857	-0.107498
MB-2819	0.002875
MB-2781	0.030480
MB-2793	-0.096928
MB-2827	-0.014685
MB-2814	0.109778
MB-2791	-0.037465
MB-2803	0.094660
MB-2797	0.045501
MB-2795	0.005043
MB-2786	0.122666
MB-3850	-0.063157
MB-3556	0.030541
MB-3838	-0.150883
MB-3707	0.006661
MB-3600	0.141806
MB-3824	-0.040578
MB-3823	-0.014497
MB-3781	-0.017933
MB-2642	0.136301
MB-2686	0.038803
MB-2616	-0.000601
MB-2634	-0.011737
MB-2613	-0.038084
MB-3842	-0.077871
MB-3866	0.123322
MB-3874	0.033038
MB-3871	0.033167
MB-3702	-0.009332
MB-3105	-0.110132
MB-3852	-0.083407
MB-3854	-0.023073
MB-3865	0.032447
MB-3228	0.061379
MB-3028	0.013801
MB-3502	0.086103
MB-3567	-0.093905
MB-3752	-0.131734
MB-3450	-0.016861
MB-0444	0.110738
MB-0476	-0.113562
MB-0610	-0.172119
MB-0451	-0.023088
MB-0133	-0.085458
MB-0005	0.072404
MB-0048	0.098355
MB-0083	0.011020
MB-0053	0.080638
MB-0056	0.023920
MB-0068	-0.020918
MB-0093	-0.049407
MB-0079	0.046502
MB-0108	0.078809
MB-0006	-0.002973
MB-0014	0.052251
MB-0022	0.061441
MB-0039	-0.000046
MB-0062	0.055047
MB-0054	0.083776
MB-0081	0.143074
MB-0071	0.165176
MB-0099	0.135933
MB-0064	-0.041960
MB-0107	0.053675
MB-4681	0.008278
MB-4626	-0.071005
MB-4639	-0.029777
MB-4673	-0.058999
MB-4711	0.017184
MB-4607	-0.002133
MB-4669	-0.126708
MB-4015	0.042132
MB-2931	-0.056866
MB-2927	0.002396
MB-2919	-0.083852
MB-2944	-0.023028
MB-2929	-0.038278
MB-2932	-0.072842
MB-2724	-0.258353
MB-2712	0.064903
MB-3062	-0.063615
MB-3050	0.163401
MB-4722	-0.019450
MB-4731	0.087818
MB-4725	0.082862
MB-4707	0.004537
MB-4643	0.013733
MB-3363	0.085699
MB-3383	0.135617
MB-3344	0.022858
MB-3381	0.010990
MB-3297	0.006193
MB-3301	0.042640
MB-3088	-0.167354
MB-2764	-0.072681
MB-2744	-0.063600
MB-7114	0.122256
MB-7118	-0.053850
MB-7113	0.012387
MB-7130	-0.226825
MB-7149	0.067627
MB-7140	-0.080610
MB-7148	0.127753
MB-7208	0.010146
MB-7170	-0.138232
MB-7174	-0.000868
MB-7252	0.065768
MB-7244	0.009373
MB-7187	0.002995
MB-7251	0.175670
MB-7173	-0.053479
MB-3001	0.074563
MB-2952	0.035440
MB-7097	0.061439
MB-7104	0.040050
MB-7099	0.038475
MB-7069	0.003583
MB-7066	-0.019848
MB-7100	-0.027069
MB-7067	0.033118
MB-7073	0.202728
MB-7063	-0.066901
MB-7102	0.051813
MB-7068	-0.046771
MB-7075	-0.000823
MB-7053	0.089728
MB-7074	-0.035351
MB-7057	-0.052422
MB-7109	0.028693
MB-7051	0.170367
MB-7071	0.063206
MB-7106	-0.038756
MB-7059	-0.104503
MB-7107	-0.025974
MB-7076	-0.107333
MB-7111	0.064078
MB-7015	-0.010245
MB-7026	-0.008132
MB-7013	-0.122250
MB-7023	-0.081934
MB-7024	0.058338
MB-7014	0.061326
MB-7017	-0.046147
MB-7019	-0.055363
MB-3510	-0.101871
MB-3500	0.029329
MB-3396	0.025841
MB-3435	-0.003969
MB-7186	0.004011
MB-7142	-0.081446
MB-7196	0.207109
MB-7171	0.103804
MB-7145	0.043843
MB-7132	-0.051781
MB-7189	-0.094666
MB-7137	-0.164984
MB-7181	-0.182389
MB-7155	0.077120
MB-7138	-0.097318
MB-3295	-0.048908
MB-3218	-0.015235
MB-7232	-0.135902
MB-7281	-0.003243
MB-7270	0.062728
MB-7231	-0.048235
MB-7220	0.095069
MB-7277	-0.072326
MB-7269	-0.021584
MB-7280	0.033285
MB-7227	0.094647
MB-7278	-0.060896
MB-2610	0.051802
MB-2517	0.073187
MB-2896	0.052037
MB-2901	-0.212935
MB-2895	0.033028
MB-2900	-0.061948
MB-2939	0.051740
MB-7008	-0.041847
MB-7002	0.093987
MB-7000	-0.055274
MB-7006	-0.019892
MB-7007	0.016005
MB-7011	-0.009336
MB-7001	-0.001219
MB-7009	0.030969
MB-7003	0.079279
MB-7005	-0.046200
MB-7010	-0.118768
MB-3153	0.083605
MB-3211	0.008806
MB-3181	0.020573
MB-3252	0.001463
MB-3266	-0.041543
MB-7082	0.048608
MB-7081	-0.028835
MB-7093	-0.089702
MB-7083	0.023480
MB-7091	-0.045430
MB-7065	0.013382
MB-7085	0.007339
MB-7096	-0.048358
MB-7018	0.137644
MB-7088	0.103710
MB-7055	0.141962
MB-7080	0.041197
MB-7161	-0.021786
MB-7115	0.012380
MB-7123	-0.114666
MB-7176	0.131230
MB-7121	-0.092389
MB-7172	-0.033891
MB-7164	-0.041730
MB-7127	0.050922
MB-7128	-0.040303
MB-7157	0.118329
MB-7092	0.021451
MB-7135	0.137393
MB-3754	0.027143
MB-3536	0.077539
MB-3748	-0.053308
MB-3530	0.063953
MB-3582	-0.002196
MB-3528	-0.047744
MB-3547	-0.034523
MB-3576	0.086099
MB-2770	-0.082921
MB-2758	-0.037642
MB-2771	-0.034740
MB-7152	-0.091708
MB-7143	0.063704
MB-7197	0.018053
MB-7153	0.035666
MB-7144	0.177645
MB-7185	-0.110888
MB-7199	-0.022553
MB-7158	-0.201172
MB-7163	0.013383
MB-7215	-0.043553
MB-7200	-0.021744
MB-7193	-0.027760
MB-7188	-0.099954
MB-7198	0.187204
MB-7256	-0.028901
MB-7258	-0.019470
MB-7194	0.103155
MB-7254	0.093845
MB-7262	0.053782
MB-2990	0.005074
MB-2993	0.006291
MB-3031	0.122111
MB-2904	-0.033574
MB-2846	0.063085
MB-7154	-0.000144
MB-7229	0.047991
MB-7151	0.004232
MB-7228	0.013902
MB-7218	-0.028410
MB-7147	0.088682
MB-7219	-0.036303
MB-7165	-0.054184
MB-7150	-0.047421
MB-3436	0.131367
MB-3462	0.063901
MB-3417	-0.068033
MB-2721	-0.049358
MB-3092	-0.054380
MB-2821	-0.185263
MB-2850	-0.073268
MB-2820	0.011150
MB-2823	0.010831
MB-2792	0.075581
MB-7273	0.056427
MB-7283	0.172352
MB-7284	-0.008862
MB-7279	0.002504
MB-7233	-0.004859
MB-7287	-0.016579
MB-7250	0.034558
MB-7238	0.179136
MB-7285	0.030772
MB-7260	0.122948
MB-7264	-0.152181
MB-7268	0.084590
MB-7276	-0.049568
MB-7212	0.106914
MB-7267	0.088420
MB-7266	-0.149792
MB-7216	0.102263
MB-7195	-0.116289
MB-7201	-0.105429
MB-7217	-0.135993
MB-2778	0.174752
MB-2815	-0.026982
MB-2833	-0.099487
MB-3614	0.089269
MB-7052	0.000541
MB-7124	0.071393
MB-7122	0.073698
MB-7133	0.034415
MB-7084	0.051758
MB-7101	-0.122948
MB-7116	0.109201
MB-7131	-0.006505
MB-7090	0.157636
MB-7095	-0.103416
MB-7094	-0.095711
MB-7087	0.105326
MB-7077	-0.129895
MB-7072	-0.054846
MB-7041	0.131304
MB-7044	-0.075020
MB-7022	0.169267
MB-7070	0.078185
MB-7079	-0.042366
MB-7035	0.010261
MB-7025	-0.120991
MB-7062	-0.131613
MB-7036	-0.034491
MB-7046	0.224546
MB-4839	0.058197
MB-5559	0.081056
MB-5463	0.032677
MB-4744	0.060650
MB-4769	0.101187
MB-4484	0.012177
MB-5558	0.133002
MB-4750	0.121929
MB-4793	0.031647
MB-4843	0.033871
MB-5563	0.015051
MB-5546	0.059328
MB-5513	0.227779
MB-5656	0.057738
MB-5530	0.050007
MB-5553	0.046264
MB-4836	-0.050203
MB-4828	0.074308
MB-4697	-0.172205
MB-4679	0.012726
MB-4033	0.064848
MB-4692	-0.153140
MB-4675	-0.067677
MB-4653	-0.022757
MB-4663	0.108880
MB-4660	-0.074172
MB-5275	0.107389
MB-4654	0.204029
MB-2618	0.097533
MB-2718	-0.136399
MB-2643	-0.185899
MB-2629	-0.051700
MB-2645	0.247365
MB-2626	0.047784
MB-6263	-0.061064
MB-6305	-0.001166
MB-6185	0.026793
MB-6187	-0.063842
MB-6248	-0.050630
MB-6330	-0.045297
MB-6184	0.172639
MB-6329	0.034977
MB-6283	0.001439
MB-6359	0.049536
MB-6337	0.121578
MB-6256	0.059000
MB-6201	0.101316
MB-6207	0.022454
MB-6194	0.032420
MB-6281	0.105789
MB-6322	0.031939
MB-6223	-0.075170
MB-6190	0.053118
MB-6306	-0.014220
MB-6188	0.022828
MB-6318	0.120358
MB-6228	-0.023257
MB-6226	0.175698
MB-6225	0.087455
MB-6280	-0.029684
MB-6253	-0.001889
MB-6098	0.067087
MB-6017	-0.072761
MB-6019	-0.029631
MB-6163	-0.029675
MB-6157	-0.026265
MB-6179	-0.012813
MB-6105	0.086053
MB-6047	-0.105394
MB-6001	0.129452
MB-6050	-0.061869
MB-6169	0.163047
MB-4548	-0.243224
MB-4564	0.030551
MB-4591	0.034656
MB-4557	-0.068374
MB-4601	-0.030628
MB-4598	0.061355
MB-4578	-0.109721
MB-4593	0.093566
MB-5186	0.036097
MB-4974	-0.017792
MB-4978	0.126732
MB-5086	-0.068961
MB-5150	0.102024
MB-5345	-0.027823
MB-4696	0.089774
MB-4695	-0.114974
MB-4714	-0.053957
MB-4705	-0.073368
MB-4882	0.121719
MB-4879	0.038298
MB-4881	-0.042177
MB-4846	0.023926
MB-4870	-0.027255
MB-4224	-0.120142
MB-4845	-0.193119
MB-4904	0.093429
MB-4865	0.029970
MB-4876	-0.114269
MB-4860	0.017032
MB-5081	0.018231
MB-4897	-0.027340
MB-4925	-0.106153
MB-4883	0.026690
MB-4896	0.048605
MB-4987	0.039198
MB-4416	-0.044782
MB-4374	-0.201351
MB-4407	-0.083919
MB-5039	0.097889
MB-4119	-0.037538
MB-4091	-0.215332
MB-5079	-0.038187
MB-5073	0.008037
MB-5105	-0.056200
MB-4254	0.052900
MB-5174	0.000694
MB-4742	-0.004235
MB-5239	-0.030514
MB-5251	0.012656
MB-4996	-0.141883
MB-4282	-0.037666
MB-4603	-0.056394
MB-4621	0.072717
MB-4853	-0.020687
MB-4362	-0.027216
MB-4602	0.037472
MB-4222	-0.133380
MB-4893	-0.061296
MB-4859	-0.116106
MB-4212	-0.141033
MB-4873	0.025432
MB-4942	-0.117816
MB-4949	0.062553
MB-4928	0.041385
MB-5098	0.080337
MB-5313	-0.031682
MB-4145	-0.096794
MB-5122	-0.143597
MB-5278	-0.136524
MB-4213	-0.118182
MB-4126	-0.059308
MB-4957	-0.179840
MB-5470	0.103601
MB-5317	0.002278
MB-5308	0.027814
MB-4976	-0.081895
MB-5277	-0.093849
MB-5110	0.021293
MB-4046	-0.090710
MB-4012	-0.123060
MB-4141	-0.067960
MB-4001	-0.097557
MB-4792	0.108222
MB-4738	-0.032111
MB-4264	-0.013783
MB-4794	0.017381
MB-4782	-0.112206
MB-5008	0.133484
MB-4426	-0.218733
MB-4390	-0.048499
MB-4434	-0.082816
MB-4368	-0.037084
MB-4442	-0.001762
MB-4418	-0.026576
MB-4381	-0.160956
MB-4395	-0.002043
MB-4630	0.178340
MB-6010	0.024467
MB-6021	-0.041447
MB-6059	0.066062
MB-6154	0.054659
MB-6097	-0.076281
MB-6107	0.077452
MB-6023	-0.051100
MB-6152	0.024084
MB-6018	0.026403
MB-6082	-0.005549
MB-6029	0.033729
MB-5295	0.025287
MB-5386	-0.039242
MB-5092	0.039574
MB-6068	-0.031125
MB-6039	0.101626
MB-6022	0.012025
MB-6125	-0.068231
MB-6053	0.006108
MB-6135	-0.004420
MB-6042	0.019075
MB-6058	-0.048534
MB-6077	0.119429
MB-6052	-0.060781
MB-5368	-0.151818
MB-4189	-0.383476
MB-5335	0.021358
MB-4008	0.029461
MB-5134	-0.061998
MB-4139	-0.112562
MB-5130	0.085887
MB-5135	-0.009492
MB-4880	-0.109100
MB-5054	0.002452
MB-5057	0.093391
MB-4098	-0.290377
MB-4760	0.062162
MB-5102	0.027734
MB-5420	0.047188
MB-5458	0.150005
MB-5492	-0.047546
MB-5407	0.037684
MB-5394	0.051537
MB-5410	0.057908
MB-5435	-0.025283
MB-5406	0.028097
MB-4329	-0.018150
MB-4005	0.050412
MB-6288	0.000046
MB-6272	-0.054919
MB-6218	0.001859
MB-6246	-0.006153
MB-6217	0.069177
MB-6308	-0.009458
MB-6271	-0.202115
MB-6245	0.044317
MB-6233	0.004284
MB-4343	-0.051994
MB-4281	0.061327
MB-4283	-0.150176
MB-4341	0.159847
MB-4303	0.023696
MB-4274	-0.169813
MB-4292	-0.072553
MB-4278	0.034662
MB-5399	-0.113595
MB-5364	-0.143632
MB-3526	-0.032786
MB-6138	0.034014
MB-6049	-0.026487
MB-6055	-0.122971
MB-6108	0.002722
MB-6044	0.088750
MB-6181	-0.011383
MB-6100	0.067604
MB-6085	-0.004202
MB-6113	0.126253
MB-6079	-0.135825
MB-6103	0.046227
MB-6016	-0.119938
MB-6149	-0.020756
MB-6131	-0.133558
MB-6007	0.073028
MB-6147	-0.090030
MB-6114	0.108234
MB-6167	-0.180664
MB-6146	0.112773
MB-6092	-0.083281
MB-6160	0.088488
MB-6075	-0.021679
MB-6011	-0.038994
MB-6071	0.000718
MB-6214	0.016974
MB-6334	0.198235
MB-6346	-0.015801
MB-6319	0.089236
MB-6200	0.003221
MB-6336	-0.091099
MB-6211	0.030611
MB-6232	-0.081681
MB-6234	-0.026912
MB-6300	-0.142038
MB-5533	-0.096612
MB-5543	0.083210
MB-4236	-0.014622
MB-4234	0.001126
MB-4270	0.091996
MB-4235	0.178997
MB-4250	-0.112488
MB-5467	0.085831
MB-4323	-0.007793
MB-4318	0.018981
MB-4333	-0.016264
MB-4339	-0.026315
MB-4322	-0.042657
MB-4351	0.066715
MB-5063	0.153936
MB-4360	-0.123078
MB-4375	-0.060760
MB-4798	-0.026250
MB-4746	0.155736
MB-4838	-0.110417
MB-4829	0.022811
MB-4802	0.162081
MB-5426	0.108961
MB-5444	-0.093827
MB-5431	0.060772
MB-5447	-0.022340
MB-5434	-0.079853
MB-5255	-0.180173
MB-5231	0.109346
MB-5339	0.048279
MB-5208	-0.101056
MB-5428	0.077179
MB-5440	0.065819
MB-5425	-0.088799
MB-5298	-0.019309
MB-5334	0.041286
MB-5326	-0.089699
MB-4059	-0.022728
MB-6230	-0.103567
MB-6150	-0.129589
MB-6014	-0.000777
MB-6145	-0.193932
MB-6012	-0.051566
MB-6024	0.072664
MB-6124	-0.069891
MB-6171	-0.042977
MB-6060	0.051843
MB-6008	0.004120
MB-6036	0.011054
MB-6144	-0.019430
MB-5346	0.070319
MB-5373	-0.025314
MB-6178	-0.043216
MB-6063	-0.099866
MB-6020	-0.052163
MB-6062	0.003045
MB-6069	0.041051
MB-6141	0.059193
MB-6118	-0.076672
MB-6065	-0.166018
MB-6006	0.034845
MB-6048	-0.010908
MB-6116	0.016789
MB-4310	-0.184444
MB-4300	-0.058702
MB-4298	-0.058864
MB-4417	-0.017707
MB-4079	-0.167840
MB-4317	0.066433
MB-4350	-0.221132
MB-4332	-0.101388
MB-4324	-0.084804
MB-4306	-0.057646
MB-7226	0.053512
MB-7205	-0.027869
MB-7160	0.053003
MB-7159	0.098895
MB-7167	0.024919
MB-7207	0.084835
MB-7237	0.038654
MB-7241	0.003745
MB-7236	-0.162003
MB-7168	-0.023774
MB-7162	0.011564
MB-7235	0.016113
MB-4331	0.030426
MB-4353	0.131220
MB-4354	-0.154475
MB-4328	-0.072941
MB-4348	0.088887
MB-6030	0.048214
MB-6133	0.076267
MB-6083	-0.085396
MB-6026	0.134592
MB-6168	0.040651
MB-6101	0.095391
MB-6156	-0.063839
MB-6051	-0.046142
MB-6182	-0.039657
MB-6080	0.013893
MB-6143	0.054573
MB-6164	0.074927
MB-0551	-0.073274
MB-0391	-0.065072
MB-0367	-0.074219
MB-5171	-0.001892
MB-5199	0.006828
MB-5177	-0.050123
MB-5178	0.026519
MB-5280	0.106651
MB-5148	-0.082716
MB-4342	-0.046758
MB-5225	-0.041134
MB-4024	-0.033468
MB-6314	0.000312
MB-6257	0.079436
MB-6358	0.135043
MB-6242	-0.133575
MB-6237	0.001899
MB-6183	-0.082075
MB-6254	0.022601
MB-6231	-0.091007
MB-6204	0.005512
MB-6229	-0.032428
MB-5154	-0.019592
MB-5175	0.013485
MB-5173	0.002793
MB-5162	-0.166296
MB-5164	-0.057017
MB-7253	0.051735
MB-7298	0.029609
MB-7299	-0.054161
MB-7293	-0.035489
MB-3978	0.034464
MB-7288	0.110769
MB-2923	0.059131
MB-0402	-0.099988
MB-0381	-0.042384
MB-0592	-0.039438
MB-5271	-0.082348
MB-5235	0.019675
MB-4931	-0.086582
MB-5332	0.157620
MB-7045	-0.010663
MB-7049	-0.116398
MB-7031	0.083962
MB-7061	0.119459
MB-7050	0.147614
MB-7078	-0.173031
MB-7054	-0.034444
MB-7048	0.033402
MB-7058	0.021441
MB-7056	-0.091364
MB-7038	0.048447
MB-7086	-0.110963
MB-0177	0.000967
MB-0435	-0.151658
MB-0159	0.034426
MB-0399	0.035259
MB-0388	-0.166408
MB-0351	-0.013146
MB-0615	0.061186
MB-0265	0.031050
MB-0116	0.148091
MB-0472	-0.082363
MB-0191	-0.025523
MB-0231	-0.114079
MB-0558	0.065240
MB-0393	0.029527
MB-0553	-0.195991
MB-0587	-0.022454
MB-0611	0.000052
MB-0640	0.061278
MB-0114	0.072987
MB-0222	-0.067334
MB-0284	0.029938
MB-0459	0.091047
MB-0128	0.003346
MB-0639	0.038625
MB-0318	-0.113839
MB-0417	0.016933
MB-6238	0.063023
MB-6286	0.011385
MB-6328	-0.031989
MB-6284	0.054425
MB-6363	0.003748
MB-6224	0.021519
MB-6297	0.047292
MB-6239	0.139191
MB-6208	-0.058258
MB-6273	-0.094398
MB-6344	0.064711
MB-6312	0.097524
MB-6212	0.027623
MB-6302	0.096028
MB-6327	0.120088
MB-6287	0.069110
MB-6213	0.001027
MB-6251	-0.043448
MB-0489	-0.224432
MB-0876	-0.133545
MB-0342	-0.091838
MB-7289	-0.027779
MB-3253	0.009148
MB-7291	-0.011949
MB-7243	-0.020244
MB-3466	0.113075
MB-7286	-0.011264
MB-7292	0.013104
MB-7275	0.036020
MB-7249	-0.131597
MB-7295	0.072368
MB-7297	-0.054515
MB-7294	-0.068830
MB-7296	0.076310
MB-3402	0.076910
MB-5113	-0.020120
MB-5450	0.095561
MB-7032	-0.106304
MB-7037	-0.015324
MB-7040	-0.107146
MB-7020	0.110598
MB-7042	0.034390
MB-7043	-0.070164
MB-7028	-0.110178
MB-7029	-0.003502
MB-7027	-0.018744
MB-7060	0.028369
MB-7034	-0.026686
MB-5191	-0.024070
MB-5214	0.022130
MB-5204	-0.016616
MB-5155	-0.067763
MB-5190	-0.039298
MB-5614	0.040033
MB-5592	0.173104
MB-0437	0.034180
MB-0028	0.085922
MB-0309	-0.063914
MB-0100	0.091327
MB-5648	-0.041979
MB-5572	-0.109759
MB-5655	-0.014555
MB-5577	0.012011
MB-5585	0.067192
MB-5620	-0.109140
MB-5652	-0.049960
MB-0537	-0.072790
MB-0544	-0.093233
MB-0468	-0.049409
MB-0333	-0.158964
MB-0205	-0.065493
MB-0233	-0.184156
MB-0210	-0.166864
MB-0200	-0.017091
MB-0244	-0.068149
MB-5588	-0.125697
MB-5628	0.144183
MB-5633	-0.162634
MB-0169	0.010415
MB-0253	0.003985
MB-0226	0.005097
MB-0278	0.000328
MB-0266	-0.046996
MB-0577	0.082327
MB-0156	-0.102363
MB-0531	-0.080517
MB-0245	-0.107280
MB-5641	0.035278
MB-5640	-0.002009
MB-0534	-0.046810
MB-0230	0.087714
MB-0109	-0.115640
MB-0304	0.130813
MB-0369	-0.051260
MB-0627	-0.126988
MB-0492	0.016598
MB-0147	-0.049720
MB-0442	-0.236214
MB-0111	-0.004532
MB-0634	-0.153210
MB-0280	0.026400
MB-0490	-0.164191
MB-0885	-0.086897
MB-0178	-0.028919
MB-0242	0.113777
MB-5624	-0.035816
MB-5593	-0.145277
MB-4010	0.107831
MB-5605	-0.011817
MB-5636	0.108263
MB-4529	-0.112130
MB-5566	-0.023329
MB-0268	0.133702
MB-0160	-0.150984
MB-0275	-0.051184
MB-0127	-0.049868
MB-0045	-0.090127
MB-0414	-0.068347
MB-0259	-0.098941
MB-0396	0.018069
MB-0874	0.043274
MB-0179	-0.045257
MB-0526	0.025192
MB-0586	0.004727
MB-0508	0.003259
MB-0288	-0.033534
MB-0269	-0.228415
MB-0582	0.040644
MB-0901	0.015719
MB-0000	-0.197398
MB-0535	-0.029851
MB-0469	0.111851
MB-0478	-0.044993
MB-0499	-0.184892
MB-0170	-0.051283
MB-0403	-0.197842
MB-0464	0.031257
MB-0421	0.060109
MB-0623	-0.021259
MB-0241	-0.047734
MB-0163	-0.159620
MB-0149	-0.033313
MB-0153	-0.131456
MB-0350	0.096300
MB-0512	0.085458
MB-0020	0.016862
MB-0046	0.056663
MB-0134	0.080429
MB-0495	0.030810
MB-0470	-0.315355
MB-0872	0.019800
MB-0661	-0.150448
MB-0339	-0.133347
MB-0264	-0.066997
MB-0175	-0.015480
MB-0303	-0.088704
MB-0172	0.066177
MB-0125	-0.022400
MB-0340	-0.151484
MB-0234	0.032307
MB-0487	-0.140534
MB-0305	0.039186
MB-0390	-0.009198
MB-0502	-0.283715
MB-0663	0.077771
MB-0130	0.087582
MB-0289	-0.209832
MB-0129	0.061971
MB-0343	-0.026947
MB-0458	-0.041666
MB-0570	-0.024241
MB-0281	-0.115759
MB-0488	0.033777
MB-0655	-0.101916
MB-0235	-0.007769
MB-0484	0.133023
MB-0436	0.081672
MB-0299	-0.142002
MB-0877	0.075749
MB-0097	-0.011982
MB-0897	0.033000
MB-0095	-0.064937
MB-0227	0.047372
MB-0353	0.022969
MB-0522	0.069277
MB-0543	0.248241
MB-0646	0.126200
MB-0293	-0.161728
MB-0552	-0.024631
MB-0260	-0.020073
MB-0256	-0.038779
MB-0539	-0.049781
MB-0626	0.030596
MB-0211	-0.051301
MB-0124	-0.031292
MB-0510	0.024525
MB-0365	0.046583
MB-0290	-0.027486
MB-0113	0.136414
MB-0620	-0.194084
MB-0282	-0.015907
MB-0228	-0.027275
MB-0578	-0.005985
MB-0479	0.104383
MB-0263	-0.050113
MB-0509	-0.008401
MB-0110	-0.056229
MB-0279	-0.014801
MB-0168	0.096658
MB-0588	-0.073830
MB-0462	-0.018395
MB-0262	-0.059246
MB-0907	-0.067184
MB-0554	0.000964
MB-0418	0.110470
MB-0193	0.025580
MB-0652	-0.001732
MB-0638	-0.170200
MB-0188	0.064855
MB-0617	-0.173180
MB-7225	-0.114889
MB-7141	0.001966
MB-7234	-0.096144
MB-7089	0.069629
MB-7030	-0.018080
MB-7004	0.032098
MB-7119	-0.025924
MB-7263	-0.052890
MB-7012	-0.028133
MB-0174	-0.117160
MB-7182	0.053255
MB-7039	0.008487
MB-3797	-0.040099
MB-7112	0.125840
MB-0308	-0.032980
MB-7230	0.134252
MB-5452	-0.002142
MB-6195	0.033137
MB-6317	0.150334
MB-5460	0.043510
MB-5464	-0.077407
MB-5552	0.076218
MB-5547	0.071149
MB-6189	0.107180
MB-6122	0.152102
MB-6192	0.044577
MB-4820	-0.048573
MB-5527	-0.085414
MB-5167	-0.015175
MB-5465	0.018294
MB-5453	-0.100081
MB-5471	0.027790
MB-5127	-0.119341
MB-4313	-0.217415
MB-4823	0.051594
